core_class	annotation_group	class_value	n_in_class_cluster	n_other_cluster	n_class_other_clusters	n_neither	odds_ratio_cc	or_ci_low_cc	or_ci_high_cc	p_value	fdr
CC1	compartment	cytosol	0	190	7	550	0.192650918635171	0.0109504396352727	3.38930469343215	0.200621253306102	0.240745503967323
CC1	compartment	extracellular_ecm	150	40	129	428	12.295962629296	8.25245220966774	18.3206994890468	1.45553882538916e-42	1.746646590467e-41
CC1	compartment	mixed	34	156	148	409	0.607900087133314	0.401942830447761	0.919390739038743	0.0186007501709387	0.025754884852069
CC1	compartment	surface_membrane	0	190	190	367	0.00506334346002025	0.000313806946076675	0.0816981501354839	2.54845157572763e-29	1.83488513452389e-28
CC1	compartment	unresolved	0	190	14	543	0.0983799438863246	0.00584021047175504	1.65723708176014	0.0265448326756129	0.0341290705829309
CC1	compartment	vesicle_endosome_exosome	6	184	69	488	0.247626289212532	0.108891449108687	0.563118404714817	0.000121002765696147	0.000217804978253065
CC2	compartment	cytosol	7	178	0	562	47.2689075630252	2.68623900747632	831.776180743114	5.23982250067427e-05	9.92808473811967e-05
CC2	compartment	extracellular_ecm	39	146	240	322	0.361554781350003	0.245024666067393	0.5335048997928	7.36469534729852e-08	2.03945409617498e-07
CC2	compartment	mixed	61	124	121	441	1.79498239873073	1.24536208552815	2.587168703138	0.00217071192378762	0.00339763605462411
CC2	compartment	surface_membrane	32	153	158	404	0.540336419404227	0.354788150459101	0.822923329758269	0.00341690010134586	0.0051253501520188
CC2	compartment	unresolved	14	171	0	562	95.1166180758018	5.64449263675069	1602.83157697342	2.22906707892023e-09	7.43843185564812e-09
CC2	compartment	vesicle_endosome_exosome	32	153	43	519	2.52854842936838	1.55089677986929	4.12249044723668	0.000349799528610226	0.000599656334760388
CC3	compartment	cytosol	0	92	7	648	0.467387387387387	0.0264728296194977	8.25189347072723	1	1
CC3	compartment	extracellular_ecm	89	3	190	465	62.485564304462	21.1948794625054	184.216463856478	1.25443868066325e-38	1.12899481259693e-37
CC3	compartment	mixed	2	90	180	475	0.0727720726649424	0.0204725533719494	0.258676798332723	1.17198739688437e-09	5.27394328597968e-09
CC3	compartment	surface_membrane	0	92	190	465	0.0132084840746258	0.00081579808231963	0.213856903234652	2.81985561161385e-13	1.69191336696831e-12
CC3	compartment	unresolved	0	92	14	641	0.239142590866729	0.0141455582852086	4.04290715243468	0.237766731841641	0.276116204719325
CC3	compartment	vesicle_endosome_exosome	1	91	74	581	0.127956870942898	0.0250373266898678	0.653942053171488	0.000647858493923923	0.00106013208096642
CC4	compartment	cytosol	0	193	7	547	0.188630490956072	0.0107224282021893	3.31841458365409	0.199769154064821	0.240745503967323
CC4	compartment	extracellular_ecm	1	192	278	276	0.00773624938795495	0.00153843653284156	0.0389028427985186	6.86637040021073e-46	1.23594667203793e-44
CC4	compartment	mixed	33	160	149	405	0.566134258535721	0.37314314320334	0.858941145042384	0.00633454627032446	0.00912174662926722
CC4	compartment	surface_membrane	158	35	32	522	71.7800650054171	43.1923399118883	119.289155037506	1.10713491427586e-92	3.9856856913931e-91
CC4	compartment	unresolved	0	193	14	540	0.0963200570257507	0.00571820449887054	1.62245918054808	0.0265265949736724	0.0341290705829309
CC4	compartment	vesicle_endosome_exosome	1	192	74	480	0.0502571254249107	0.00989634223457954	0.255223454899295	2.2728541781147e-09	7.43843185564812e-09
CC5	compartment	cytosol	0	42	7	698	1.0956862745098	0.0615391637895583	19.5083640761604	1	1
CC5	compartment	extracellular_ecm	0	42	279	426	0.0179522256129643	0.00110023190488099	0.29292224941762	1.84293556409597e-09	7.3717422563839e-09
CC5	compartment	mixed	26	16	156	549	5.63917126536935	2.97412356336763	10.6923104849617	1.04063307986772e-07	2.67591363394556e-07
CC5	compartment	surface_membrane	0	42	190	515	0.0318357264165509	0.00194940607249911	0.519908853659292	4.36496792549892e-06	8.72993585099784e-06
CC5	compartment	unresolved	0	42	14	691	0.56105476673428	0.0329044887876566	9.5665504274098	1	1
CC5	compartment	vesicle_endosome_exosome	16	26	59	646	6.76534009830347	3.46344092945075	13.2151313038191	4.65141951695806e-07	1.11634068406993e-06
CC6	compartment	cytosol	0	45	7	695	1.01904761904762	0.0572937941633104	18.1251401666051	1	1
CC6	compartment	extracellular_ecm	0	45	279	423	0.0166506123572313	0.00102153855723787	0.271397383785903	5.72720711546864e-10	2.94542080224101e-09
CC6	compartment	mixed	26	19	156	546	4.74555582862292	2.57544714307793	8.74422920427822	7.46924910681231e-07	1.68058104903277e-06
CC6	compartment	surface_membrane	0	45	190	512	0.0295636122407776	0.00181219568079257	0.482291828629016	1.54360027817681e-06	3.26880058908031e-06
CC6	compartment	unresolved	0	45	14	688	0.521788556271315	0.0306336658295934	8.8877152009893	1	1
CC6	compartment	vesicle_endosome_exosome	19	26	56	646	8.41993655034229	4.41803207067971	16.0468123312837	3.69639923021313e-09	1.10891976906394e-08
CC1	release_route	classical_secreted	9	181	31	526	0.874852420306966	0.415386062971443	1.84254317981192	0.85197283561046	0.967104299882144
CC1	release_route	ecm_matrix	5	185	15	542	1.0377358490566	0.386768816984561	2.78433949461913	1	1
CC1	release_route	ectodomain_shedding	3	187	21	536	0.465798449612403	0.148688917697511	1.45920892438475	0.159982407191646	0.273577766004727
CC1	release_route	ev_associated	7	183	137	420	0.124993807282636	0.0587407068193129	0.265973167586603	2.29256770767578e-12	1.37554062460547e-11
CC1	release_route	intracellular_leakage_injury	0	190	8	549	0.169677319746796	0.00974664240960729	2.95387802553193	0.21309155762055	0.344224823848581
CC1	release_route	mixed	158	32	277	280	4.92964656964657	3.26409211006769	7.44507645071458	7.74193235464646e-17	9.26541812936262e-16
CC1	release_route	unresolved	8	182	68	489	0.332826717328267	0.159950623011894	0.692548873406223	0.00122057906851696	0.00320402005485703
CC2	release_route	classical_secreted	7	178	33	529	0.664116392825787	0.295516947787965	1.49247136761981	0.347624894755567	0.52143734213335
CC2	release_route	ecm_matrix	7	178	13	549	1.71023965141612	0.689477892693864	4.24222400206041	0.29622955600971	0.46080153157066
CC2	release_route	ectodomain_shedding	6	179	18	544	1.06579838891817	0.429239297350117	2.64637048106529	1	1
CC2	release_route	ev_associated	45	140	99	463	1.50855701997532	1.01290155525956	2.24675761499217	0.0528551988200067	0.110995917522014
CC2	release_route	intracellular_leakage_injury	7	178	1	561	15.7282913165266	2.70286632423309	91.5247437579872	0.000330958518488534	0.00106925059819372
CC2	release_route	mixed	77	108	358	204	0.407451683602311	0.290492712019073	0.571500996759801	2.06102842521135e-07	8.65631938588769e-07
CC2	release_route	unresolved	36	149	40	522	3.14979974400264	1.94348044191149	5.1048820525105	8.07348282925528e-06	3.08260253480656e-05
CC3	release_route	classical_secreted	4	88	36	619	0.863013698630137	0.31613395613297	2.35594003609659	0.8073088235166	0.9418602941027
CC3	release_route	ecm_matrix	3	89	17	638	1.4268156424581	0.443374565558	4.59160952320529	0.726731464266007	0.872077757119209
CC3	release_route	ectodomain_shedding	0	92	24	631	0.139327082184225	0.00840086460612498	2.31071880575443	0.0607180234990927	0.121436046998185
CC3	release_route	ev_associated	1	91	143	512	0.0585480093676815	0.0115405275832196	0.297028829592018	2.52419705395096e-08	1.17795862517712e-07
CC3	release_route	intracellular_leakage_injury	0	92	8	647	0.411764705882353	0.0235688219108836	7.19383317721477	0.6052106782793	0.773220033733143
CC3	release_route	mixed	83	9	352	303	7.56767450541247	3.80171166021952	15.0641875392946	1.06295878123576e-12	7.44071146865034e-12
CC3	release_route	unresolved	1	91	75	580	0.126044946259907	0.0246682979493352	0.644038291992939	0.000658352800437267	0.0019750584013118
CC4	release_route	classical_secreted	20	173	20	534	3.0806916426513	1.63141924950402	5.81742614596883	0.000713823444916041	0.00199870564576491
CC4	release_route	ecm_matrix	5	188	15	539	1.01557285873192	0.378564228875103	2.72447355751938	1	1
CC4	release_route	ectodomain_shedding	15	178	9	545	4.98614182515111	2.184885955728	11.3789052629236	0.000128148913151094	0.000448521196028828
CC4	release_route	ev_associated	9	184	135	419	0.159411594115941	0.0807422492781983	0.314730597249379	6.96164920200446e-11	3.65486583105234e-10
CC4	release_route	intracellular_leakage_injury	0	193	8	546	0.166134670922633	0.00954360287596652	2.89206594629769	0.1209316213886	0.2308694590146
CC4	release_route	mixed	113	80	322	232	1.01646684963166	0.729544553301304	1.41623270535665	0.932661241290824	1
CC4	release_route	unresolved	31	162	45	509	2.17065088757396	1.33324889220763	3.53401776912324	0.00334954703456306	0.0082753514971558
CC5	release_route	classical_secreted	0	42	40	665	0.193318809005084	0.0116841951500593	3.19852257131756	0.159369050109164	0.273577766004727
CC5	release_route	ecm_matrix	0	42	20	685	0.393400286944046	0.0233900995247968	6.6166364791901	0.621012988125623	0.773220033733143
CC5	release_route	ectodomain_shedding	0	42	24	681	0.327250900360144	0.0195628344701641	5.4743167177464	0.390852179635609	0.532654933046376
CC5	release_route	ev_associated	39	3	105	600	64.237643872715	21.1171366490462	195.408826437846	8.81872050122781e-27	1.85193130525784e-25
CC5	release_route	intracellular_leakage_injury	0	42	8	697	0.965397923875433	0.0547928388996331	17.0093970332542	1	1
CC5	release_route	mixed	3	39	432	273	0.0560327796883003	0.0185859203954769	0.168927464058314	1.04484239161499e-12	7.44071146865034e-12
CC5	release_route	unresolved	0	42	76	629	0.0968089196462899	0.00589757626937615	1.58912178410423	0.0161419274388623	0.0356821553911693
CC6	release_route	classical_secreted	0	45	40	662	0.179758513091846	0.0108761056073918	2.97101960898857	0.162843908336147	0.273577766004727
CC6	release_route	ecm_matrix	0	45	20	682	0.365853658536585	0.0217751673865042	6.14685972735902	0.625940027307782	0.773220033733143
CC6	release_route	ectodomain_shedding	0	45	24	678	0.304328324736488	0.0182117157961723	5.0855026661674	0.390446598910812	0.532654933046376
CC6	release_route	ev_associated	43	2	101	601	103.114285714286	28.3284755663977	375.331030201263	4.13787788022253e-31	1.73790870969346e-29
CC6	release_route	intracellular_leakage_injury	1	44	7	695	3.12584269662921	0.527620627026035	18.5187842619884	0.393150069629468	0.532654933046376
CC6	release_route	mixed	1	44	434	268	0.0208298315253229	0.00406415685621639	0.106758153467843	8.82420774225011e-17	9.26541812936262e-16
CC6	release_route	unresolved	0	45	76	626	0.0899949723479135	0.00548828627844621	1.47570564598803	0.0102550804260119	0.0239285209940277
